"Weapon","Cost","Rds","AmmoCost","Cost/Shot","Ammo:Weapon",
"Revolver",125,6,10,1.66666666666667,0.08,
"Magnum",300,6,20,3.33333333333333,0.0666666666666667,
"Snubpistol",150,6,10,1.66666666666667,0.0666666666666667,"I think this powerful, exotic ammo should be much higher (what does CT say?)"
"Bodypistol",500,6,30,5,0.06,
"Autopistol",200,15,50,3.33333333333333,0.25,
"GaussPistol",600,15,200,13.3333333333333,0.333333333333333,
"Carbine",200,10,30,3,0.15,
"Rifle",1000,20,50,2.5,0.05,
"AutoRifle",1000,20,55,2.75,0.055,"Same as Rifle in MT2"
"GaussRifle",1500,40,700,17.5,0.466666666666667,
"Shotgun",150,10,10,1,0.0666666666666667,
"AutoShotgun",500,20,20,1,0.04,
"SMG",500,30,65,2.16666666666667,0.13,"This should be Cr100 in line with Autopistol"
"AssaultRifle",400,30,75,2.5,0.1875,
"ACR",1000,20,100,5,0.1,
"LAG",600,5,200,40,0.333333333333333,
"ATGL-7",4500,1,900,900,0.2,"Despite the price you cannot buy ammo for ATGL even when empty"
"RAM GL-10",7500,3,700,233.333333333333,0.0933333333333333,
"LP-9",2000,40,500,12.5,0.25,
"LC-8",2500,40,1000,25,0.4,
"LR-9",3500,80,1300,16.25,0.371428571428571,
"LP-12",3000,120,1500,12.5,0.5,
"LC-12",4000,120,2000,16.6666666666667,0.5,
"LR-12",8000,120,20000,166.666666666667,2.5,"Obvious error, suggest Cr2000 - Cr4000 (what does CT say?)"
"NeuralPistol",225000,20,1000,50,0.00444444444444444,
"PGMP-12",150000,40,12847,321.175,0.0856466666666667,"Curious number! "
,,,,,,"But seems to encode some kind of end-of-file in its last byte so can't change it"
"Fixes made:",,,,,,
"Snubpistol (fixed)",150,6,30,5,0.2,"Powerful, exotic ammo"
"AutoRifle",1000,20,50,2.5,0.05,"As per MT2"
"SMG (fixed)",500,30,100,3.33333333333333,0.2,"In line with Autopistol"
"RAM GL-10",7500,3,750,250,0.1,"Just aesthetic really!"
"LR-12 (fixed)",8000,120,4000,33.3333333333333,0.5,"Conservative"
